Link,Modelo,Preco 
undefined,undefined,undefined
undefined,undefined,undefined
undefined,undefined,undefined
undefined,undefined,undefined
undefined,undefined,undefined
undefined,undefined,undefined
undefined,undefined,undefined
undefined,undefined,undefined
undefined,undefined,undefined
undefined,undefined,undefined
undefined,undefined,undefined
undefined,undefined,undefined
undefined,undefined,undefined
undefined,undefined,undefined
undefined,undefined,undefined
undefined,undefined,undefined
undefined,undefined,undefined
undefined,undefined,undefined
undefined,undefined,undefined
undefined,undefined,undefined
undefined,undefined,undefined
undefined,undefined,undefined
undefined,undefined,undefined
undefined,undefined,undefined
undefined,undefined,undefined
undefined,undefined,undefined
undefined,undefined,undefined
undefined,undefined,undefined
undefined,undefined,undefined
undefined,undefined,undefined
undefined,undefined,undefined
undefined,undefined,undefined
undefined,undefined,undefined
undefined,undefined,undefined
undefined,undefined,undefined
undefined,undefined,undefined
undefined,undefined,undefined
undefined,undefined,undefined
undefined,undefined,undefined
undefined,undefined,undefined
undefined,undefined,undefined
undefined,undefined,undefined
undefined,undefined,undefined
undefined,undefined,undefined
undefined,undefined,undefined
undefined,undefined,undefined
undefined,undefined,undefined
undefined,undefined,undefined
undefined,undefined,undefined
undefined,undefined,undefined
undefined,undefined,undefined
undefined,undefined,undefined
undefined,undefined,undefined
undefined,undefined,undefined
undefined,undefined,undefined
undefined,undefined,undefined
undefined,undefined,undefined
undefined,undefined,undefined
undefined,undefined,undefined
undefined,undefined,undefined
undefined,undefined,undefined
undefined,undefined,undefined
undefined,undefined,undefined
undefined,undefined,undefined
undefined,undefined,undefined
undefined,undefined,undefined
undefined,undefined,undefined
undefined,undefined,undefined
undefined,undefined,undefined
undefined,undefined,undefined
undefined,undefined,undefined
undefined,undefined,undefined
undefined,undefined,undefined
undefined,undefined,undefined
undefined,undefined,undefined
undefined,undefined,undefined
undefined,undefined,undefined
undefined,undefined,undefined
undefined,undefined,undefined
undefined,undefined,undefined
undefined,undefined,undefined
undefined,undefined,undefined
undefined,undefined,undefined
undefined,undefined,undefined
undefined,undefined,undefined
undefined,undefined,undefined
undefined,undefined,undefined
undefined,undefined,undefined
undefined,undefined,undefined
undefined,undefined,undefined
undefined,undefined,undefined
undefined,undefined,undefined
undefined,undefined,undefined
undefined,undefined,undefined
undefined,undefined,undefined
undefined,undefined,undefined
undefined,undefined,undefined
undefined,undefined,undefined
undefined,undefined,undefined
undefined,undefined,undefined
undefined,undefined,undefined
undefined,undefined,undefined
undefined,undefined,undefined
undefined,undefined,undefined
undefined,undefined,undefined
undefined,undefined,undefined
undefined,undefined,undefined
undefined,undefined,undefined
undefined,undefined,undefined
undefined,undefined,undefined
undefined,undefined,undefined
undefined,undefined,undefined
undefined,undefined,undefined
undefined,undefined,undefined
undefined,undefined,undefined
undefined,undefined,undefined
undefined,undefined,undefined
undefined,undefined,undefined
undefined,undefined,undefined
undefined,undefined,undefined
undefined,undefined,undefined
undefined,undefined,undefined
undefined,undefined,undefined
undefined,undefined,undefined
undefined,undefined,undefined
